"filename", "language", "Vue.js", "JavaScript", "JSON", "Markdown", "CSS", "HTML", "comment", "blank", "total"
"/Users/huqingshan/code/vue/hqs-blog/README.md", "Markdown", 0, 0, 0, 20, 0, 0, 0, 12, 32
"/Users/huqingshan/code/vue/hqs-blog/babel.config.js", "JavaScript", 0, 5, 0, 0, 0, 0, 0, 1, 6
"/Users/huqingshan/code/vue/hqs-blog/package-lock.json", "JSON", 0, 0, 12133, 0, 0, 0, 0, 1, 12134
"/Users/huqingshan/code/vue/hqs-blog/package.json", "JSON", 0, 0, 51, 0, 0, 0, 0, 1, 52
"/Users/huqingshan/code/vue/hqs-blog/public/index.html", "HTML", 0, 0, 0, 0, 0, 28, 5, 3, 36
"/Users/huqingshan/code/vue/hqs-blog/src/App.vue", "Vue.js", 15, 0, 0, 0, 0, 0, 0, 3, 18
"/Users/huqingshan/code/vue/hqs-blog/src/api/http.js", "JavaScript", 0, 7, 0, 0, 0, 0, 3, 6, 16
"/Users/huqingshan/code/vue/hqs-blog/src/components/articleTable.vue", "Vue.js", 56, 0, 0, 0, 0, 0, 0, 6, 62
"/Users/huqingshan/code/vue/hqs-blog/src/components/checkboxPrimary.vue", "Vue.js", 25, 0, 0, 0, 0, 0, 0, 1, 26
"/Users/huqingshan/code/vue/hqs-blog/src/components/echarts/barChart.vue", "Vue.js", 82, 0, 0, 0, 0, 0, 14, 4, 100
"/Users/huqingshan/code/vue/hqs-blog/src/components/echarts/pieChart.vue", "Vue.js", 70, 0, 0, 0, 0, 0, 11, 3, 84
"/Users/huqingshan/code/vue/hqs-blog/src/components/inputPrimary.vue", "Vue.js", 47, 0, 0, 0, 0, 0, 0, 3, 50
"/Users/huqingshan/code/vue/hqs-blog/src/components/textareaPrimary.vue", "Vue.js", 47, 0, 0, 0, 0, 0, 0, 4, 51
"/Users/huqingshan/code/vue/hqs-blog/src/css/style.css", "CSS", 0, 0, 0, 0, 72, 0, 9, 12, 93
"/Users/huqingshan/code/vue/hqs-blog/src/main.js", "JavaScript", 0, 29, 0, 0, 0, 0, 6, 8, 43
"/Users/huqingshan/code/vue/hqs-blog/src/markdownit.js", "JavaScript", 0, 5, 0, 0, 0, 0, 3, 4, 12
"/Users/huqingshan/code/vue/hqs-blog/src/route/router.js", "JavaScript", 0, 69, 0, 0, 0, 0, 4, 4, 77
"/Users/huqingshan/code/vue/hqs-blog/src/view/admin/index.vue", "Vue.js", 118, 0, 0, 0, 0, 0, 1, 18, 137
"/Users/huqingshan/code/vue/hqs-blog/src/view/admin/view/articleTable.vue", "Vue.js", 46, 0, 0, 0, 0, 0, 0, 3, 49
"/Users/huqingshan/code/vue/hqs-blog/src/view/admin/view/bloginfo.vue", "Vue.js", 105, 0, 0, 0, 0, 0, 0, 2, 107
"/Users/huqingshan/code/vue/hqs-blog/src/view/admin/view/home.vue", "Vue.js", 128, 0, 0, 0, 0, 0, 0, 13, 141
"/Users/huqingshan/code/vue/hqs-blog/src/view/admin/view/messageManage.vue", "Vue.js", 11, 0, 0, 0, 0, 0, 0, 4, 15
"/Users/huqingshan/code/vue/hqs-blog/src/view/admin/view/write.vue", "Vue.js", 127, 0, 0, 0, 0, 0, 8, 3, 138
"/Users/huqingshan/code/vue/hqs-blog/src/view/fontend/about.vue", "Vue.js", 73, 0, 0, 0, 0, 0, 2, 6, 81
"/Users/huqingshan/code/vue/hqs-blog/src/view/fontend/archive.vue", "Vue.js", 95, 0, 0, 0, 0, 0, 0, 10, 105
"/Users/huqingshan/code/vue/hqs-blog/src/view/fontend/articleList.vue", "Vue.js", 151, 0, 0, 0, 0, 0, 1, 18, 170
"/Users/huqingshan/code/vue/hqs-blog/src/view/fontend/home.vue", "Vue.js", 205, 0, 0, 0, 0, 0, 2, 25, 232
"/Users/huqingshan/code/vue/hqs-blog/src/view/fontend/page.vue", "Vue.js", 41, 0, 0, 0, 0, 0, 2, 5, 48
"/Users/huqingshan/code/vue/hqs-blog/src/view/index.vue", "Vue.js", 34, 0, 0, 0, 0, 0, 0, 6, 40
"/Users/huqingshan/code/vue/hqs-blog/vue.config.js", "JavaScript", 0, 7, 0, 0, 0, 0, 0, 0, 7
"Total", "-", 1476, 122, 12184, 20, 72, 28, 71, 189, 14162